"important@outlook.com","Hard2GuessPassword","BigBadAdmin","6","333","1"
"bigCompany@company.com","M0ney","Carl","3","222","Big Company"
"smallCorp@company.com","adPassword","TheLegend28","5","333","Small Company"
"haha","anon","403","image.com/image111"
"gaming","https://www.youtube.com/watch?v=1JsXDMnmvww"
"aidanbjelke@gmail.com","aidanbjelke@gmail.com"
"aidanbjelke@gmail.com","bubbleBlower@hotmail.com"
"aidanbjelke@gmail.com","usual","bungle","461","::1"
"bigCompany@company.com","M0ney","Carl","3","222"
"bubbleBlower@hotmail.com","bubbles","Steven","2","510"
"fireman64@gmail.com","noFires","Carl","1","111"
"important@outlook.com","Hard2GuessPassword","BigBadAdmin","6","333"
"smallCorp@company.com","adPassword","TheLegend28","5","333"
"someOne@gmail.com","noTwo","Aidan","0","314"
"someTwo@gmail.com","password","TheLegend27","4","333"
"image.com/image111","Haha look at this cat","1200x1420","BigBadAdmin","6"
"image.com/image555","Look at this bubble","2080x1440","Steven","2"
"image.com/image658","These fires are out of control","1000x1000","Carl","1"
"image.com/image789","This was a great victory","1080x720","TheLegend27","4"
"https://www.youtube.com/watch?v=1JsXDMnmvww","destroy all humans 2 gameplay","aidanbjelke@gmail.com"
"https://www.youtube.com/watch?v=uuX_2MDaEzY","excited for smm2",NULL
"image.com/image111","Haha look at this cat","important@outlook.com"
"image.com/image555","Look at this bubble","bubbleBlower@hotmail.com"
"image.com/image658","These fires are out of control","fireman64@gmail.com"
"image.com/image789","This was a great victory","someTwo@gmail.com"
"page.text1","Look at these words.","someOne@gmail.com"
"page.text2","Who need images when you have text","someTwo@gmail.com"
"page.text3","Bubbles.","bubbleBlower@hotmail.com"
"page.text4","This is my second post","someOne@gmail.com"
"page.text5","Don't do anything I wouldn't","important@outlook.com"
"youtube.com/watch/7fhg7g6","So many BUBBLES","someTwo@gmail.com"
"youtube.com/watch/asfdsaf","Spoilers for Avengers Endgame","fireman64@gmail.com"
"youtube.com/watch/d4was564d","More high quality bubbless","bubbleBlower@hotmail.com"
"youtube.com/watch/ds45ad46",,"important@outlook.com"
"youtube.com/watch/r41ew354r","Buy gold!!","fireman64@gmail.com"
"gaming","aidanbjelke@gmail.com"
"Aidan","0","314"
"anon","403","::1"
"anon","581","::1"
"BigBadAdmin","6","333"
"bungle","461","::1"
"Carl","1","111"
"Carl","3","222"
"Steven","2","510"
"TheLegend27","4","333"
"TheLegend28","5","333"
"image.com/image658","anon","403"
"image.com/image111","anon","581"
